Issue Type,Summary,Description,Story Points,Epic Name,Epic Link
Epic,Gestión de Identidad y Accesos,"Como administrador del sistema quiero gestionar el registro, la validación y la autenticación de usuarios para garantizar que el acceso a la plataforma sea seguro y personalizado según el rol.",,Gestión de Identidad y Accesos,
Epic,Publicación de Viajes y Carga,Como administrador del sistema quiero que los usuarios puedan publicar viajes de retorno y solicitar envíos para generar coincidencias logísticas (match) en la plataforma.,,Publicación de Viajes y Carga,
Epic,"Búsqueda, Emparejamiento y Negociación (Match)",Como administrador del sistema quiero que emprendedores y transportistas puedan encontrarse mutuamente y acordar las condiciones del viaje.,,"Búsqueda, Emparejamiento y Negociación (Match)",
Epic,Monitoreo en Tiempo Real y Estado de Carga,Como administrador del sistema quiero que el progreso de cada viaje sea rastreado en tiempo real para brindar seguridad y transparencia a los involucrados.,,Monitoreo en Tiempo Real y Estado de Carga,
Epic,Reputación y Soporte,Como administrador del sistema quiero implementar calificaciones y reportes para asegurar un ecosistema confiable y seguro entre los usuarios.,,Reputación y Soporte,
Epic,Gestión de Perfil y Flotas,Como administrador del sistema quiero que los usuarios puedan mantener su información comercial y vehicular actualizada para facilitar mejores coincidencias.,,Gestión de Perfil y Flotas,
Story,US01: Registro de Transportista,"Como transportista de carga terrestre quiero registrar mis datos personales y los de mi vehículo en la plataforma para poder ofrecer mi disponibilidad en rutas de retorno.

h3. Criterios de Aceptación:
**Escenario 1: Registro exitoso**
**Given** que un transportista proporciona datos válidos y no registrados previamente.
**When** el sistema procesa la solicitud de registro.
**Then** el sistema crea la cuenta y confirma la operación exitosamente.

**Escenario 2: Correo duplicado**
**Given** que un transportista intenta registrarse con un correo ya existente.
**When** el sistema valida la información.
**Then** el sistema deniega el registro y notifica que el correo ya se encuentra en uso.

**Escenario 3: Datos del vehículo incompletos**
**Given** que un transportista omite la placa o la capacidad de su vehículo.
**When** el sistema evalúa la solicitud de registro.
**Then** el sistema detiene el proceso e indica los datos del vehículo que faltan.",3,,Gestión de Identidad y Accesos
Story,US02: Registro de Emprendedor,"Como pequeño o mediano emprendedor quiero registrar los datos de mi empresa en la plataforma para poder buscar transportistas disponibles y coordinar envíos de mercadería.

h3. Criterios de Aceptación:
**Escenario 1: Registro exitoso**
**Given** que un emprendedor ingresa información válida de su negocio.
**When** el sistema procesa la solicitud de creación.
**Then** el sistema habilita el perfil de emprendedor y confirma el registro.

**Escenario 2: Datos incompletos**
**Given** que un emprendedor omite información obligatoria.
**When** el sistema evalúa la solicitud.
**Then** el sistema detiene el proceso y requiere que se completen los campos faltantes.

**Escenario 3: Correo ya registrado**
**Given** que un emprendedor intenta registrarse con un correo asociado a otra cuenta.
**When** el sistema valida la información.
**Then** el sistema deniega el registro y notifica que el correo ya se encuentra en uso.",3,,Gestión de Identidad y Accesos
Story,US03: Inicio de Sesión de Usuario,"Como usuario registrado quiero iniciar sesión utilizando mis credenciales para acceder a las funcionalidades correspondientes a mi perfil.

h3. Criterios de Aceptación:
**Escenario 1: Credenciales correctas**
**Given** que un usuario registrado provee su correo y contraseña correctos.
**When** el sistema valida la autenticidad de los datos.
**Then** el sistema otorga acceso al entorno privado del usuario.

**Escenario 2: Credenciales incorrectas**
**Given** que un usuario registrado ingresa una contraseña errónea.
**When** el sistema verifica las credenciales.
**Then** el sistema deniega el acceso y alerta sobre el error de autenticación.

**Escenario 3: Intentos fallidos consecutivos**
**Given** que un usuario registrado supera el número máximo permitido de intentos fallidos de autenticación.
**When** el sistema registra un nuevo intento incorrecto.
**Then** el sistema bloquea temporalmente el acceso a la cuenta e informa el tiempo de espera.",3,,Gestión de Identidad y Accesos
Story,US04: Landing Page: Propuesta para Transportistas,"Como visitante del segmento Transportista quiero visualizar los beneficios de la aplicación en el sitio web estático para comprender cómo me ayuda a rentabilizar mis viajes vacíos.

h3. Criterios de Aceptación:
**Escenario 1: Visualización de beneficios**
**Given** que un visitante del segmento Transportista accede al sitio web estático.
**When** el visitante navega a la sección dedicada a conductores.
**Then** el sistema despliega información clara sobre la reducción de fletes vacíos y el aumento de ingresos.

**Escenario 2: Invitación al registro**
**Given** que un visitante del segmento Transportista ya revisó los beneficios de la plataforma.
**When** el visitante manifiesta su intención de unirse.
**Then** el sistema lo dirige al proceso de registro de transportista.",2,,Gestión de Identidad y Accesos
Story,US05: Landing Page: Propuesta para Emprendedores,"Como visitante del segmento Emprendedor quiero identificar cómo la plataforma asegura mis envíos en el sitio web estático para decidir registrarme con total confianza.

h3. Criterios de Aceptación:
**Escenario 1: Identificación de seguridad**
**Given** que un visitante del segmento Emprendedor explora la página de inicio.
**When** el visitante observa la sección de seguridad y monitoreo.
**Then** el sistema presenta detalles sobre el rastreo en tiempo real y la calificación de choferes.

**Escenario 2: Acceso desde dispositivo móvil**
**Given** que un visitante del segmento Emprendedor accede al sitio web estático desde un teléfono celular.
**When** el sitio carga el contenido de la propuesta de valor.
**Then** el sistema adapta la presentación al tamaño de la pantalla y mantiene legible toda la información.",2,,Gestión de Identidad y Accesos
Story,US06: Autenticación de Usuarios vía API (RESTful API),"Como Developer quiero un servicio de autenticación que valide credenciales y entregue un token para proteger de forma segura las rutas privadas de la API.

h3. Criterios de Aceptación:
**Escenario 1: Autenticación exitosa**
**Given** que un Developer envía credenciales válidas al servicio de autenticación.
**When** la API procesa la verificación en la base de datos.
**Then** la API responde con un código HTTP 200 OK y entrega un token JWT válido.

**Escenario 2: Credenciales inválidas**
**Given** que un Developer envía una contraseña incorrecta.
**When** la API realiza la validación.
**Then** la API responde con un código HTTP 401 Unauthorized y un mensaje de error estandarizado.

**Escenario 3: Token vencido o ausente**
**Given** que un Developer solicita un recurso privado con un token JWT expirado o sin token.
**When** la API valida el token de la solicitud.
**Then** la API rechaza la solicitud con un código HTTP 401 Unauthorized y no expone información del recurso.",5,,Gestión de Identidad y Accesos
Story,US07: Registro de Usuarios vía API (RESTful API),"Como Developer quiero un servicio de registro de nuevos usuarios que cifre las contraseñas antes de almacenarlas para garantizar la seguridad de la información en la base de datos.

h3. Criterios de Aceptación:
**Escenario 1: Cifrado y almacenamiento**
**Given** que un Developer envía un payload JSON válido para registrar un nuevo usuario.
**When** la API procesa la creación de la entidad.
**Then** la API cifra la contraseña de forma unidireccional, almacena el usuario y retorna un código HTTP 201 Created.

**Escenario 2: Usuario ya existente**
**Given** que un Developer envía un payload con un correo ya registrado.
**When** la API valida la unicidad del correo.
**Then** la API no crea el usuario y responde con un código HTTP 409 Conflict y un mensaje de error estandarizado.

**Escenario 3: Payload inválido**
**Given** que un Developer envía un payload JSON con campos obligatorios ausentes o con formato incorrecto.
**When** la API valida la estructura de los datos.
**Then** la API responde con un código HTTP 400 Bad Request e indica los campos con error.",5,,Gestión de Identidad y Accesos
Story,US08: Publicación de Ruta de Retorno,"Como transportista de carga terrestre quiero publicar mi ruta de regreso y la capacidad disponible de mi vehículo para recibir solicitudes de carga compatibles.

h3. Criterios de Aceptación:
**Escenario 1: Publicación exitosa**
**Given** que un transportista autenticado provee un origen, destino y capacidad disponible.
**When** el sistema recibe la solicitud de publicación.
**Then** el sistema registra la ruta de retorno y la hace visible para los emparejamientos lógicos del sistema.

**Escenario 2: Datos de ruta inválidos**
**Given** que un transportista autenticado indica un origen igual al destino o una capacidad no válida.
**When** el sistema valida la solicitud de publicación.
**Then** el sistema rechaza la publicación e informa los datos que deben corregirse.",5,,Publicación de Viajes y Carga
Story,US09: Solicitud de Envío de Mercadería,"Como pequeño o mediano emprendedor quiero solicitar el envío de mis productos especificando peso y destino para encontrar transportistas con espacio libre en dicha ruta.

h3. Criterios de Aceptación:
**Escenario 1: Creación de solicitud**
**Given** que un emprendedor autenticado detalla las características de su mercadería y destino.
**When** el sistema procesa el requerimiento logístico.
**Then** el sistema almacena la solicitud e inicia la búsqueda de transportistas compatibles.

**Escenario 2: Sin transportistas compatibles**
**Given** que un emprendedor autenticado registró una solicitud sin transportistas disponibles en esa ruta.
**When** el sistema finaliza la búsqueda inicial.
**Then** el sistema mantiene la solicitud activa y notifica al emprendedor cuando aparezca una coincidencia.",5,,Publicación de Viajes y Carga
Story,US10: Sugerencias Automáticas de Carga,"Como transportista de carga terrestre quiero recibir sugerencias automáticas de carga compatibles con mi ruta de retorno para no viajar con el flete vacío.

h3. Criterios de Aceptación:
**Escenario 1: Coincidencia encontrada**
**Given** que un transportista tiene una ruta de retorno publicada.
**When** el sistema identifica una solicitud de envío con origen y destino coincidentes.
**Then** el sistema notifica al transportista con los detalles de la carga sugerida.

**Escenario 2: Sin coincidencias**
**Given** que un transportista tiene una ruta de retorno publicada y no existen solicitudes compatibles.
**When** el sistema evalúa las solicitudes vigentes.
**Then** el sistema mantiene la ruta activa en espera y evalúa nuevamente cuando se registre una solicitud nueva.",5,,"Búsqueda, Emparejamiento y Negociación (Match)"
Story,US11: Búsqueda Manual de Transportistas,"Como pequeño emprendedor quiero buscar transportistas disponibles especificando fechas y rutas para elegir la mejor opción.

h3. Criterios de Aceptación:
**Escenario 1: Búsqueda exitosa**
**Given** que un emprendedor ingresa origen y destino como criterios de búsqueda.
**When** el sistema procesa la búsqueda.
**Then** el sistema muestra una lista de transportistas con capacidad en esa ruta.

**Escenario 2: Búsqueda sin resultados**
**Given** que un emprendedor ingresa una ruta y fecha sin transportistas disponibles.
**When** el sistema procesa la búsqueda.
**Then** el sistema informa que no hay resultados y sugiere ampliar el rango de fechas o modificar la ruta.",5,,"Búsqueda, Emparejamiento y Negociación (Match)"
Story,US12: Aceptar Solicitud de Carga,"Como transportista de carga terrestre quiero aceptar una solicitud de carga sugerida para asegurar el viaje de retorno.

h3. Criterios de Aceptación:
**Escenario 1: Aceptación exitosa**
**Given** que un transportista visualiza una sugerencia de carga atractiva.
**When** el transportista confirma la aceptación.
**Then** el sistema notifica al emprendedor y cambia el estado de la solicitud a ""En Negociación"".

**Escenario 2: Solicitud ya no disponible**
**Given** que una solicitud fue tomada por otro transportista o cancelada por el emprendedor.
**When** el transportista intenta aceptarla.
**Then** el sistema rechaza la aceptación e informa que la solicitud ya no está disponible.",5,,"Búsqueda, Emparejamiento y Negociación (Match)"
Story,US13: Negociación y Propuesta de Tarifa,"Como pequeño emprendedor quiero proponer una tarifa por el envío al transportista para llegar a un acuerdo económico directo.

h3. Criterios de Aceptación:
**Escenario 1: Propuesta enviada**
**Given** que un emprendedor tiene una solicitud en estado ""En Negociación"".
**When** el emprendedor envía una propuesta económica.
**Then** el sistema notifica al transportista para que la acepte o rechace.

**Escenario 2: Propuesta aceptada**
**Given** que un transportista recibió una propuesta de tarifa.
**When** el transportista acepta la propuesta.
**Then** el sistema registra el acuerdo, cambia el estado de la solicitud a ""Acordado"" y notifica al emprendedor.

**Escenario 3: Propuesta rechazada**
**Given** que un transportista recibió una propuesta de tarifa.
**When** el transportista rechaza la propuesta o presenta una contrapropuesta.
**Then** el sistema notifica al emprendedor y mantiene la solicitud en ""En Negociación"".",5,,"Búsqueda, Emparejamiento y Negociación (Match)"
Story,US14: Consulta de Rutas Disponibles vía API (RESTful API),"Como Developer quiero un servicio de consulta que devuelva las rutas de retorno disponibles filtradas por origen y destino para mostrar los resultados en la aplicación cliente.

h3. Criterios de Aceptación:
**Escenario 1: Filtro exitoso**
**Given** que un Developer envía una consulta con parámetros de origen y destino válidos.
**When** la API realiza la búsqueda en la base de datos.
**Then** la API responde con un código HTTP 200 OK y una lista JSON de rutas coincidentes.

**Escenario 2: Sin rutas coincidentes**
**Given** que un Developer envía una consulta con parámetros válidos sin rutas disponibles.
**When** la API realiza la búsqueda en la base de datos.
**Then** la API responde con un código HTTP 200 OK y una lista JSON vacía.",5,,"Búsqueda, Emparejamiento y Negociación (Match)"
Story,US15: Visualización de Ubicación en Vivo,"Como pequeño emprendedor quiero ver la ubicación de mi mercadería en tiempo real para tener tranquilidad durante el traslado.

h3. Criterios de Aceptación:
**Escenario 1: Visualización activa**
**Given** que un emprendedor tiene un envío en estado ""En Tránsito"".
**When** el emprendedor accede al detalle del envío.
**Then** el sistema muestra la ubicación actual del camión, actualizada en tiempo real.

**Escenario 2: Señal GPS no disponible**
**Given** que un envío está ""En Tránsito"" y el sistema deja de recibir coordenadas del vehículo.
**When** el emprendedor accede al detalle del envío.
**Then** el sistema muestra la última ubicación conocida e informa que la señal se perdió temporalmente.",8,,Monitoreo en Tiempo Real y Estado de Carga
Story,US16: Confirmación de Recojo de Mercadería,"Como transportista de carga terrestre quiero marcar en la aplicación cuando haya recogido la carga para iniciar formalmente el monitoreo del viaje.

h3. Criterios de Aceptación:
**Escenario 1: Inicio de viaje**
**Given** que un transportista se encuentra en el punto de origen con la carga cargada.
**When** el transportista confirma el recojo.
**Then** el sistema cambia el estado del envío a ""En Tránsito"" y notifica al emprendedor.

**Escenario 2: Envío no habilitado para recojo**
**Given** que un envío fue cancelado o aún no tiene una tarifa acordada.
**When** el transportista intenta confirmar el recojo.
**Then** el sistema deniega la confirmación e informa el estado actual del envío.",5,,Monitoreo en Tiempo Real y Estado de Carga
Story,US17: Confirmación de Entrega,"Como transportista de carga terrestre quiero confirmar que la mercadería ha sido entregada en el destino para finalizar el viaje y habilitar las calificaciones.

h3. Criterios de Aceptación:
**Escenario 1: Fin de viaje**
**Given** que un transportista llega al destino y descarga la mercadería.
**When** el transportista confirma la entrega.
**Then** el sistema cambia el estado a ""Completado"" e invita a ambas partes a calificarse.

**Escenario 2: Envío que no está en tránsito**
**Given** que un envío no se encuentra en estado ""En Tránsito"".
**When** el transportista intenta confirmar la entrega.
**Then** el sistema deniega la confirmación y mantiene el estado actual del envío.",5,,Monitoreo en Tiempo Real y Estado de Carga
Story,US18: Registro de Ubicación GPS vía API (RESTful API),"Como Developer quiero un servicio que reciba y actualice constantemente las coordenadas GPS de un viaje en curso para alimentar el seguimiento en vivo.

h3. Criterios de Aceptación:
**Escenario 1: Actualización exitosa**
**Given** que la aplicación móvil envía latitud y longitud válidas de un viaje en curso.
**When** la API procesa las coordenadas.
**Then** la API actualiza la base de datos y responde con un código HTTP 200 OK.

**Escenario 2: Coordenadas inválidas**
**Given** que la aplicación móvil envía coordenadas fuera del rango geográfico permitido o con formato incorrecto.
**When** la API valida los datos recibidos.
**Then** la API no actualiza la ubicación y responde con un código HTTP 400 Bad Request.",5,,Monitoreo en Tiempo Real y Estado de Carga
Story,US19: Calificación del Transportista,"Como pequeño emprendedor quiero calificar de 1 a 5 estrellas al transportista tras finalizar un viaje para ayudar a construir su reputación en la plataforma.

h3. Criterios de Aceptación:
**Escenario 1: Calificación registrada**
**Given** que un envío acaba de ser marcado como ""Completado"".
**When** el emprendedor envía su puntuación y comentario.
**Then** el sistema suma la calificación al perfil del transportista y confirma la acción.

**Escenario 2: Viaje no completado**
**Given** que un envío aún no está en estado ""Completado"".
**When** el emprendedor intenta calificar al transportista.
**Then** el sistema deniega la calificación e informa que solo se puede calificar tras finalizar el viaje.",2,,Reputación y Soporte
Story,US20: Calificación del Cliente,"Como transportista de carga terrestre quiero calificar al emprendedor (cliente) según su nivel de cumplimiento y trato para alertar a otros conductores.

h3. Criterios de Aceptación:
**Escenario 1: Calificación registrada**
**Given** que un viaje fue ""Completado"".
**When** el transportista envía la calificación del cliente.
**Then** el sistema registra la nota en el perfil del emprendedor.

**Escenario 2: Calificación duplicada**
**Given** que el transportista ya calificó al emprendedor por ese viaje.
**When** el transportista intenta enviar una nueva calificación.
**Then** el sistema rechaza el envío e informa que el viaje ya fue calificado.",2,,Reputación y Soporte
Story,US21: Reportar Problemas con la Carga,"Como pequeño emprendedor quiero poder reportar un problema si mi mercadería llega dañada o incompleta para que la plataforma tome acciones de soporte.

h3. Criterios de Aceptación:
**Escenario 1: Reporte enviado**
**Given** que un emprendedor detecta una anomalía en su entrega.
**When** el emprendedor envía el reporte con la descripción del problema.
**Then** el sistema genera un ticket de soporte y notifica a los administradores.

**Escenario 2: Reporte sin descripción**
**Given** que un emprendedor intenta enviar un reporte sin detallar el problema.
**When** el sistema valida la información del reporte.
**Then** el sistema no genera el ticket y solicita completar la descripción.",2,,Reputación y Soporte
Story,US22: Registro de Calificaciones vía API (RESTful API),"Como Developer quiero un servicio para registrar las calificaciones entre usuarios y recalcular el promedio general del perfil afectado.

h3. Criterios de Aceptación:
**Escenario 1: Registro y recálculo**
**Given** que un Developer envía un payload válido con la puntuación.
**When** la API registra la calificación.
**Then** la API actualiza el promedio del usuario y retorna un código HTTP 201 Created.

**Escenario 2: Puntuación fuera de rango**
**Given** que un Developer envía una puntuación menor a 1 o mayor a 5.
**When** la API valida el payload.
**Then** la API no registra la calificación y responde con un código HTTP 400 Bad Request.",5,,Reputación y Soporte
Story,US23: Registro de Nuevo Vehículo,"Como transportista de carga terrestre quiero añadir los datos de un nuevo camión a mi perfil (dimensiones, capacidad) para poder asignarlo a diferentes viajes.

h3. Criterios de Aceptación:
**Escenario 1: Vehículo añadido**
**Given** que un transportista accede a la gestión de su flota.
**When** el transportista ingresa la placa, modelo y capacidad del camión.
**Then** el sistema asocia el nuevo vehículo a su cuenta.

**Escenario 2: Placa ya registrada**
**Given** que un transportista ingresa una placa que ya existe en la plataforma.
**When** el sistema valida los datos del vehículo.
**Then** el sistema rechaza el registro e informa que la placa ya está asociada a otro vehículo.",3,,Gestión de Perfil y Flotas
Story,US24: Historial de Envíos,"Como pequeño emprendedor quiero visualizar el historial de mis envíos pasados para llevar un control de mis operaciones logísticas.

h3. Criterios de Aceptación:
**Escenario 1: Visualización de historial**
**Given** que un emprendedor autenticado accede a su perfil.
**When** el emprendedor solicita ver sus viajes completados.
**Then** el sistema muestra una lista detallada de envíos pasados y sus costos.

**Escenario 2: Sin envíos previos**
**Given** que un emprendedor autenticado aún no tiene viajes completados.
**When** el emprendedor solicita ver su historial.
**Then** el sistema informa que no existen envíos registrados.",5,,Gestión de Perfil y Flotas
Story,US25: Landing Page: Testimonios de Éxito,"Como visitante del segmento Emprendedor quiero leer testimonios de otros usuarios en el sitio web estático para validar la credibilidad de la plataforma.

h3. Criterios de Aceptación:
**Escenario 1: Carga de testimonios**
**Given** que un visitante navega por el sitio web estático.
**When** el visitante llega a la sección de testimonios.
**Then** el sistema despliega reseñas reales de usuarios satisfechos.

**Escenario 2: Testimonios no disponibles**
**Given** que aún no existen testimonios publicados.
**When** el visitante llega a la sección de testimonios.
**Then** el sistema omite la sección o muestra un mensaje indicando que próximamente habrá opiniones de usuarios.",2,,Gestión de Identidad y Accesos
Story,US26: Validación de Identidad (KYC),"Como administrador del sistema quiero requerir y validar el DNI de los transportistas durante su registro para garantizar un ecosistema seguro y confiable para los emprendedores.

h3. Criterios de Aceptación:
**Escenario 1: Validación exitosa**
**Given** que un transportista sube su documento de identidad.
**When** el sistema procesa la validación con la pasarela KYC.
**Then** el sistema otorga la insignia de ""DNI Validado"" al perfil del transportista.

**Escenario 2: Documento no válido**
**Given** que un transportista sube un documento ilegible, vencido o que no coincide con sus datos.
**When** el sistema procesa la validación con la pasarela KYC.
**Then** el sistema rechaza la validación, no otorga la insignia y solicita enviar un nuevo documento.",8,,Gestión de Identidad y Accesos
Story,US27: Cancelación Temprana de Solicitud,"Como pequeño emprendedor quiero poder cancelar mi solicitud de viaje antes del recojo de mercadería para anular la operación si tengo un imprevisto de última hora.

h3. Criterios de Aceptación:
**Escenario 1: Cancelación procesada**
**Given** que el viaje aún no ha iniciado.
**When** el emprendedor solicita cancelar la solicitud.
**Then** el sistema anula el viaje, notifica al transportista y evalúa las políticas de compensación.

**Escenario 2: Cancelación no permitida**
**Given** que el envío ya se encuentra en estado ""En Tránsito"".
**When** el emprendedor solicita cancelar la solicitud.
**Then** el sistema deniega la cancelación e informa que el viaje ya fue iniciado.",5,,Publicación de Viajes y Carga
Story,US28: Gestión de Compensación (Lucro Cesante),"Como transportista de carga terrestre quiero recibir una compensación económica si el cliente cancela un viaje cuando ya me encuentro en ruta, para resarcir los gastos generados (lucro cesante).

h3. Criterios de Aceptación:
**Escenario 1: Cobro de compensación**
**Given** que el transportista está en trayecto al punto de origen y el emprendedor cancela el viaje.
**When** el sistema procesa la cancelación.
**Then** el sistema debita una tasa básica al emprendedor y la acredita al transportista.

**Escenario 2: Cancelación sin cargo**
**Given** que el transportista aún no inició el trayecto al punto de origen y el emprendedor cancela el viaje.
**When** el sistema procesa la cancelación.
**Then** el sistema anula el viaje sin aplicar ninguna tasa y notifica al transportista.",8,,Publicación de Viajes y Carga
Story,US29: Mensajería Integrada (Chat),"Como pequeño emprendedor quiero disponer de un canal de chat integrado en la plataforma para comunicarme con el transportista emparejado y coordinar rápidamente los pormenores del recojo.

h3. Criterios de Aceptación:
**Escenario 1: Comunicación fluida**
**Given** que el emprendedor tiene una solicitud aceptada por un transportista.
**When** el emprendedor accede al módulo de chat.
**Then** el sistema habilita una sala privada de mensajería entre ambos usuarios.

**Escenario 2: Chat sin solicitud aceptada**
**Given** que el emprendedor tiene una solicitud que ningún transportista ha aceptado.
**When** el emprendedor intenta iniciar una conversación.
**Then** el sistema no habilita la mensajería e informa que debe existir un transportista emparejado.",8,,"Búsqueda, Emparejamiento y Negociación (Match)"
Story,US30: Alerta de Desvío en Ruta,"Como pequeño emprendedor quiero recibir una notificación automática si el camión se desvía más de 2 kilómetros de la ruta planificada para estar alerta ante posibles riesgos o retrasos.

h3. Criterios de Aceptación:
**Escenario 1: Disparo de alerta**
**Given** que un viaje se encuentra en curso.
**When** el sistema detecta que las coordenadas GPS superan el umbral de desvío de la ruta original.
**Then** el sistema emite una notificación de advertencia al cliente.

**Escenario 2: Desvío dentro del umbral**
**Given** que un viaje se encuentra en curso.
**When** el sistema detecta que las coordenadas GPS se mantienen dentro del umbral de desvío permitido.
**Then** el sistema no emite ninguna alerta y continúa el monitoreo.",8,,Monitoreo en Tiempo Real y Estado de Carga
Story,US31: Confirmación de Recepción y Pago,"Como pequeño emprendedor quiero confirmar la recepción conforme de la mercadería desde mi aplicación para validar el servicio y procesar el abono del flete correspondiente.

h3. Criterios de Aceptación:
**Escenario 1: Recepción conforme**
**Given** que el transportista ha marcado la carga como entregada.
**When** el emprendedor confirma la recepción conforme.
**Then** el sistema registra la conformidad, procesa el pago y da por finalizado el servicio.

**Escenario 2: Recepción con observaciones**
**Given** que el transportista ha marcado la carga como entregada y el emprendedor detecta daños o faltantes.
**When** el emprendedor indica que la recepción no es conforme.
**Then** el sistema retiene el pago, deriva el caso al proceso de reporte de problemas y notifica a los administradores.",8,,Monitoreo en Tiempo Real y Estado de Carga
